Age,BusinessTravel,DailyRate,Department,DistanceFromHome,Education,EducationField,employee_id,EnvironmentSatisfaction,Gender,HourlyRate,JobInvolvement,JobLevel,JobRole,JobSatisfaction,MaritalStatus,MonthlyIncome,MonthlyRate,NumCompaniesWorked,OverTime,PercentSalaryHike,PerformanceRating,RelationshipSatisfaction,StockOptionLevel,TotalWorkingYears,TrainingTimesLastYear,WorkLifeBalance,YearsAtCompany,YearsInCurrentRole,YearsSinceLastPromotion,YearsWithCurrManager,attrition,hire_year,cohort,prediction,attrition_probability,flight_risk_segment
24,Non-Travel,830,Sales,13,2,Life Sciences,1495,4,Female,78,3,1,Sales Representative,2,Married,2033,7103,1,No,13,3,3,1,1,2,3,1,0,0,0,0,2023,2023-01,1,0.5057809803650194,High
44,Travel_Rarely,1117,Research & Development,2,1,Life Sciences,1246,1,Female,72,4,1,Research Scientist,4,Married,2011,19982,1,No,13,3,4,1,10,5,3,10,5,7,7,0,2014,2014-01,0,0.09453741675307352,Low
31,Travel_Rarely,688,Sales,7,3,Life Sciences,613,3,Male,44,2,3,Manager,4,Divorced,11557,25291,9,No,21,4,3,1,10,3,2,5,4,0,1,0,2019,2019-01,0,0.11619255817652684,Low
44,Travel_Rarely,1199,Research & Development,4,2,Life Sciences,1288,3,Male,92,4,5,Manager,1,Divorced,19190,17477,1,No,14,3,4,2,26,4,2,25,9,14,13,0,1999,1999-01,0,0.026456450317800397,Low
36,Travel_Rarely,318,Research & Development,9,3,Medical,90,4,Male,79,2,1,Research Scientist,3,Married,3388,21777,0,Yes,17,3,1,1,2,0,2,1,0,0,0,1,2023,2023-01,0,0.20774089052804087,Low
40,Travel_Rarely,448,Research & Development,16,3,Life Sciences,1641,3,Female,84,3,3,Manufacturing Director,4,Single,7945,19948,6,Yes,15,3,4,0,18,2,2,4,2,3,3,0,2020,2020-01,0,0.17916559827060602,Low
52,Travel_Rarely,319,Research & Development,3,3,Medical,543,4,Male,39,2,3,Manufacturing Director,3,Married,7969,19609,2,Yes,14,3,3,0,28,4,3,5,4,0,4,0,2019,2019-01,0,0.09440997084243856,Low
43,Travel_Rarely,823,Research & Development,6,3,Medical,1866,1,Female,81,2,5,Manager,3,Married,19392,22539,7,No,13,3,4,0,21,2,3,16,12,6,14,0,2008,2008-01,0,0.11574198963392003,Low
35,Travel_Rarely,1370,Research & Development,27,4,Life Sciences,1728,4,Male,49,3,2,Manufacturing Director,3,Married,6883,5151,2,No,16,3,2,1,17,3,3,7,7,0,7,0,2017,2017-01,0,0.059098094319720726,Low
18,Non-Travel,1431,Research & Development,14,3,Medical,1839,2,Female,33,3,1,Research Scientist,3,Single,1514,8018,1,No,16,3,3,0,0,4,1,0,0,0,0,0,2024,2024-01,0,0.47977408713581005,Medium
34,Travel_Rarely,678,Research & Development,19,3,Life Sciences,1701,2,Female,35,2,1,Research Scientist,4,Married,2929,20338,1,No,12,3,2,0,10,3,3,10,9,8,7,0,2014,2014-01,0,0.13888497235960096,Low
54,Travel_Rarely,1082,Sales,2,4,Life Sciences,1070,3,Female,41,2,3,Sales Executive,3,Married,10686,8392,6,No,11,3,2,1,13,4,3,9,4,7,0,0,2015,2015-01,0,0.17172796354687178,Low
35,Travel_Frequently,138,Research & Development,2,3,Medical,269,2,Female,37,3,2,Laboratory Technician,2,Single,4425,15986,5,No,11,3,4,0,10,5,3,6,2,1,2,0,2018,2018-01,0,0.12520627239843343,Low
31,Travel_Rarely,196,Sales,29,4,Marketing,1784,1,Female,91,2,2,Sales Executive,4,Married,5468,13402,1,No,14,3,1,2,13,3,3,12,7,5,7,0,2012,2012-01,0,0.1616097820427155,Low
51,Travel_Frequently,968,Research & Development,6,2,Medical,1297,2,Female,40,2,1,Laboratory Technician,3,Single,2838,4257,0,No,14,3,2,0,8,6,2,7,0,7,7,0,2017,2017-01,0,0.12580088299018327,Low
27,Travel_Rarely,1220,Research & Development,5,3,Life Sciences,434,3,Female,85,3,1,Research Scientist,2,Single,2478,20938,1,Yes,12,3,2,0,4,2,2,4,3,1,2,0,2020,2020-01,0,0.48015612147594244,Medium
41,Travel_Rarely,645,Sales,1,3,Marketing,534,2,Male,49,4,3,Sales Executive,1,Married,8392,19566,1,No,16,3,3,1,10,2,3,10,7,0,7,0,2014,2014-01,0,0.11421234462336877,Low
38,Non-Travel,1327,Sales,2,2,Life Sciences,361,4,Male,39,2,2,Sales Executive,4,Married,5249,19682,3,No,18,3,4,1,13,0,3,8,7,7,5,0,2016,2016-01,0,0.08543573716423504,Low
30,Travel_Rarely,946,Research & Development,2,3,Medical,833,3,Female,52,2,2,Manufacturing Director,4,Single,6877,20234,5,Yes,24,4,2,0,12,4,2,0,0,0,0,0,2024,2024-01,0,0.38661150446229636,Medium
35,Travel_Rarely,287,Research & Development,1,4,Life Sciences,2052,3,Female,62,1,1,Research Scientist,4,Married,2977,8952,1,No,12,3,4,1,4,5,3,4,3,1,1,0,2020,2020-01,0,0.08846486558940674,Low
29,Travel_Rarely,341,Sales,1,3,Medical,896,2,Female,48,2,1,Sales Representative,3,Divorced,2800,23522,6,Yes,19,3,3,3,5,3,3,3,2,0,2,1,2021,2021-01,0,0.4020070563530306,Medium
31,Travel_Rarely,330,Research & Development,22,4,Medical,1389,4,Male,98,3,2,Manufacturing Director,3,Married,6179,21057,1,Yes,15,3,4,2,10,3,2,10,2,6,7,1,2014,2014-01,0,0.18532632841541022,Low
45,Travel_Rarely,1457,Research & Development,7,3,Medical,1195,1,Female,83,3,1,Research Scientist,3,Married,4477,20100,4,Yes,19,3,3,1,7,2,2,3,2,0,2,0,2021,2021-01,0,0.20060563543409468,Low
40,Non-Travel,1142,Research & Development,8,2,Life Sciences,1552,4,Male,72,3,2,Healthcare Representative,4,Divorced,4069,8841,3,Yes,18,3,3,0,8,2,3,2,2,2,2,0,2022,2022-01,0,0.1162981592824407,Low
28,Travel_Rarely,857,Research & Development,10,3,Other,1097,3,Female,59,3,2,Research Scientist,3,Single,3660,7909,3,No,13,3,4,0,10,4,4,8,7,1,7,0,2016,2016-01,0,0.13670471441136164,Low
25,Travel_Rarely,891,Sales,4,2,Life Sciences,527,2,Female,99,2,2,Sales Executive,4,Single,4487,12090,1,Yes,11,3,2,0,5,3,3,5,4,1,3,0,2019,2019-01,0,0.2777746213956359,Low
42,Travel_Rarely,855,Research & Development,12,3,Medical,1768,2,Male,57,3,1,Laboratory Technician,2,Divorced,2766,8952,8,No,22,4,2,3,7,6,2,5,3,0,4,0,2019,2019-01,0,0.15280917712059855,Low
51,Travel_Frequently,1150,Research & Development,8,4,Life Sciences,179,1,Male,53,1,3,Manufacturing Director,4,Single,10650,25150,2,No,15,3,4,0,18,2,3,4,2,0,3,1,2020,2020-01,0,0.11069389572171857,Low
35,Travel_Rarely,882,Sales,3,4,Life Sciences,984,4,Male,92,3,3,Sales Executive,4,Divorced,7823,6812,6,No,13,3,2,1,12,2,3,10,9,0,8,0,2014,2014-01,0,0.08952367789356146,Low
41,Travel_Rarely,1360,Research & Development,12,3,Technical Degree,58,2,Female,49,3,5,Research Director,3,Married,19545,16280,1,No,12,3,4,0,23,0,3,22,15,15,8,1,2002,2002-01,0,0.08107557300817847,Low
35,Travel_Rarely,819,Research & Development,18,5,Life Sciences,1621,2,Male,48,4,2,Research Scientist,1,Married,5208,26312,1,No,11,3,4,0,16,2,3,16,15,1,10,0,2008,2008-01,0,0.11854555357427456,Low
48,Travel_Rarely,969,Research & Development,2,2,Technical Degree,1258,4,Male,76,4,1,Laboratory Technician,2,Single,2559,16620,5,No,11,3,3,0,7,4,2,1,0,0,0,0,2023,2023-01,0,0.1883389544868062,Low
45,Travel_Rarely,252,Research & Development,2,3,Life Sciences,834,2,Female,95,2,1,Research Scientist,3,Single,2274,6153,1,No,14,3,4,0,1,3,3,1,0,0,0,0,2023,2023-01,0,0.3039994181126064,Medium
49,Travel_Rarely,174,Sales,8,4,Technical Degree,1138,4,Male,56,2,4,Sales Executive,2,Married,13120,11879,6,No,17,3,2,1,22,3,3,9,8,2,3,0,2015,2015-01,0,0.14713375604296972,Low
34,Travel_Rarely,546,Research & Development,10,3,Life Sciences,934,2,Male,83,3,1,Laboratory Technician,2,Divorced,2008,6896,1,No,14,3,2,2,1,3,3,1,0,1,0,0,2023,2023-01,0,0.35613678225761497,Medium
33,Travel_Frequently,1076,Research & Development,3,3,Life Sciences,702,1,Male,70,3,1,Research Scientist,1,Single,3348,3164,1,Yes,11,3,1,0,10,3,3,10,8,9,7,1,2014,2014-01,0,0.42125902133877574,Medium
37,Travel_Rarely,397,Research & Development,7,4,Medical,102,1,Male,30,3,3,Research Director,3,Single,13664,25258,4,No,13,3,1,0,16,3,4,5,2,0,2,0,2019,2019-01,0,0.099157616663513,Low
27,Travel_Rarely,954,Sales,9,3,Marketing,1965,4,Male,44,3,2,Sales Executive,4,Single,4105,5099,1,No,14,3,1,0,7,5,3,7,7,0,7,0,2017,2017-01,0,0.1148556069203936,Low
30,Travel_Rarely,853,Research & Development,7,4,Life Sciences,1224,3,Male,49,3,2,Laboratory Technician,3,Divorced,3491,11309,1,No,13,3,1,3,10,4,2,10,7,8,9,0,2014,2014-01,0,0.1356452839612804,Low
31,Non-Travel,335,Research & Development,9,2,Medical,991,3,Male,46,2,1,Research Scientist,1,Single,2321,10322,0,Yes,22,4,1,0,4,0,3,3,2,1,2,1,2021,2021-01,0,0.3520887646592837,Medium
51,Travel_Rarely,313,Research & Development,3,3,Medical,258,4,Female,98,3,4,Healthcare Representative,2,Single,13734,7192,3,No,18,3,3,0,21,6,3,7,7,1,0,0,2017,2017-01,0,0.093153019662483,Low
24,Travel_Rarely,477,Research & Development,24,3,Medical,1173,4,Male,49,3,1,Laboratory Technician,2,Single,3597,6409,8,No,22,4,4,0,6,2,3,4,3,1,2,0,2020,2020-01,0,0.334699202439193,Medium
43,Travel_Rarely,1034,Sales,16,3,Marketing,327,4,Female,80,3,4,Manager,4,Married,16064,7744,5,Yes,22,4,3,1,22,3,3,17,13,1,9,0,2007,2007-01,0,0.03599070099249304,Low
56,Travel_Rarely,1443,Sales,11,5,Marketing,1935,4,Female,89,2,2,Sales Executive,1,Married,5380,20328,4,No,16,3,3,1,6,3,3,0,0,0,0,0,2024,2024-01,0,0.17908272649058563,Low
30,Travel_Rarely,241,Research & Development,7,3,Medical,1609,2,Male,48,2,1,Research Scientist,2,Married,2141,5348,1,No,12,3,2,1,6,3,2,6,4,1,1,0,2018,2018-01,0,0.20473703844679064,Low
34,Travel_Rarely,1480,Sales,4,3,Life Sciences,1882,3,Male,64,3,3,Sales Executive,4,Married,9713,24444,2,Yes,13,3,4,3,9,3,3,5,3,1,0,0,2019,2019-01,0,0.14705914007063423,Low
23,Travel_Rarely,160,Research & Development,4,1,Medical,1735,3,Female,51,3,1,Laboratory Technician,2,Single,3295,12862,1,No,13,3,3,0,3,3,1,3,2,1,2,0,2021,2021-01,0,0.2443518622975936,Low
35,Travel_Frequently,146,Research & Development,2,4,Medical,1704,1,Male,79,2,1,Research Scientist,4,Single,4930,13970,0,Yes,14,3,3,0,6,2,4,5,4,1,4,0,2019,2019-01,0,0.20993651736111432,Low
39,Travel_Rarely,1431,Research & Development,1,4,Medical,332,3,Female,96,3,1,Laboratory Technician,3,Divorced,2232,15417,7,No,14,3,3,3,7,1,3,3,2,1,2,0,2021,2021-01,0,0.12159223398619014,Low
28,Travel_Rarely,304,Sales,9,4,Life Sciences,498,2,Male,92,3,2,Sales Executive,4,Single,5253,20750,1,No,16,3,4,0,7,1,3,7,5,0,7,0,2017,2017-01,0,0.1531737774722045,Low
33,Travel_Frequently,430,Sales,7,3,Medical,1477,4,Male,54,3,2,Sales Executive,1,Married,4373,17456,0,No,14,3,1,2,5,2,3,4,3,0,3,0,2020,2020-01,0,0.13454212394812393,Low
26,Travel_Frequently,1096,Research & Development,6,3,Other,1918,3,Male,61,4,1,Laboratory Technician,4,Married,2544,7102,0,No,18,3,1,1,8,3,3,7,7,7,7,0,2017,2017-01,0,0.10066282174202489,Low
38,Travel_Rarely,345,Sales,10,2,Life Sciences,2041,1,Female,100,3,2,Sales Executive,4,Married,5343,5982,1,No,11,3,3,1,10,1,3,10,7,1,9,0,2014,2014-01,0,0.13862846752300848,Low
35,Travel_Rarely,1402,Sales,28,4,Life Sciences,1554,2,Female,98,2,1,Sales Representative,3,Married,2430,26204,0,No,23,4,1,2,6,5,3,5,3,4,2,0,2019,2019-01,0,0.10871265704442007,Low
35,Travel_Rarely,1258,Research & Development,1,4,Life Sciences,826,4,Female,40,4,1,Research Scientist,3,Single,2506,13301,3,No,13,3,3,0,7,0,3,2,2,2,2,0,2022,2022-01,0,0.14725754020947524,Low
37,Travel_Rarely,1225,Research & Development,10,2,Life Sciences,715,4,Male,80,4,1,Research Scientist,4,Single,4680,15232,3,No,17,3,1,0,4,2,3,1,0,0,0,0,2023,2023-01,0,0.1869097816334556,Low
40,Travel_Rarely,302,Research & Development,6,3,Life Sciences,601,2,Female,75,3,4,Manufacturing Director,3,Single,13237,20364,7,No,15,3,3,0,22,3,3,20,6,5,13,0,2004,2004-01,0,0.06421369657510498,Low
31,Travel_Rarely,542,Sales,20,3,Life Sciences,175,2,Female,71,1,2,Sales Executive,3,Married,4559,24788,3,Yes,11,3,3,1,4,2,3,2,2,2,2,1,2022,2022-01,0,0.3543416465744303,Medium
29,Travel_Rarely,657,Research & Development,27,3,Medical,793,2,Female,66,3,2,Healthcare Representative,3,Married,4335,25549,4,No,12,3,1,1,11,3,2,8,7,1,1,0,2016,2016-01,0,0.23455675484298694,Low
59,Travel_Rarely,326,Sales,3,3,Life Sciences,1254,3,Female,48,2,2,Sales Executive,4,Single,5171,16490,5,No,17,3,4,0,13,2,3,6,1,0,5,0,2018,2018-01,0,0.2015577131399009,Low
32,Travel_Rarely,601,Sales,7,5,Marketing,1446,4,Male,97,3,2,Sales Executive,4,Married,9204,23343,4,No,12,3,3,1,7,3,2,4,3,0,3,0,2020,2020-01,0,0.1789289359289687,Low
33,Travel_Rarely,267,Research & Development,21,3,Medical,1698,2,Male,79,4,1,Laboratory Technician,2,Married,2028,13637,1,No,18,3,4,3,14,6,3,14,11,2,13,0,2010,2010-01,0,0.12859258902902523,Low
27,Travel_Rarely,894,Research & Development,9,3,Medical,260,4,Female,99,3,1,Research Scientist,2,Single,2279,11781,1,No,16,3,4,0,7,2,2,7,7,0,3,0,2017,2017-01,0,0.11002863794107315,Low
43,Non-Travel,343,Research & Development,9,3,Life Sciences,1813,1,Male,52,3,1,Research Scientist,3,Single,2438,24978,4,No,13,3,3,0,7,2,2,3,2,1,2,0,2021,2021-01,0,0.15508712749204195,Low
34,Travel_Rarely,628,Research & Development,8,3,Medical,2068,2,Male,82,4,2,Laboratory Technician,3,Married,4404,10228,2,No,12,3,1,0,6,3,4,4,3,1,2,0,2020,2020-01,0,0.16772377061775845,Low
37,Travel_Rarely,1239,Human Resources,8,2,Other,1794,3,Male,89,3,2,Human Resources,2,Divorced,4071,12832,2,No,13,3,3,0,19,4,2,10,0,4,7,0,2014,2014-01,0,0.08756198023714713,Low
36,Travel_Frequently,1195,Research & Development,11,3,Life Sciences,85,2,Male,95,2,2,Manufacturing Director,2,Single,6499,22656,1,No,13,3,3,0,6,3,3,6,5,0,3,0,2018,2018-01,0,0.10031673213148612,Low
26,Travel_Rarely,920,Human Resources,20,2,Medical,1818,4,Female,69,3,1,Human Resources,2,Married,2148,6889,0,Yes,11,3,3,0,6,3,3,5,1,1,4,1,2019,2019-01,0,0.3470608946758366,Medium
41,Travel_Rarely,1283,Research & Development,5,5,Medical,1448,2,Male,90,4,1,Research Scientist,3,Married,2127,5561,2,Yes,12,3,1,0,7,5,2,4,2,0,3,0,2020,2020-01,0,0.3339413883746527,Medium
32,Non-Travel,862,Sales,2,1,Life Sciences,1190,3,Female,76,3,1,Sales Representative,1,Divorced,2827,14947,1,No,12,3,3,3,1,3,3,1,0,0,0,0,2023,2023-01,0,0.2151690800299853,Low
35,Travel_Rarely,1146,Human Resources,26,4,Life Sciences,2040,3,Female,31,3,3,Human Resources,4,Single,8837,16642,1,Yes,16,3,3,0,9,2,3,9,0,1,7,0,2015,2015-01,0,0.16369244107180642,Low
39,Travel_Rarely,1329,Sales,4,4,Life Sciences,182,4,Female,47,2,2,Sales Executive,3,Married,5902,14590,4,No,14,3,3,1,17,1,4,15,11,5,9,0,2009,2009-01,0,0.08748510113893929,Low
59,Travel_Rarely,1429,Research & Development,18,4,Medical,1283,4,Male,67,3,3,Manufacturing Director,4,Single,10512,20002,6,No,12,3,4,0,25,6,2,9,7,5,4,0,2015,2015-01,0,0.0869426835467247,Low
29,Travel_Rarely,1082,Research & Development,9,4,Medical,1709,4,Female,43,3,1,Laboratory Technician,3,Married,2974,25412,9,No,17,3,3,1,9,2,3,5,3,1,2,0,2019,2019-01,0,0.155677716835746,Low
34,Travel_Rarely,1031,Research & Development,6,4,Life Sciences,151,3,Female,45,2,2,Research Scientist,2,Divorced,4505,15000,6,No,15,3,3,1,12,3,3,1,0,0,0,0,2023,2023-01,0,0.1446662705816758,Low
45,Travel_Rarely,556,Research & Development,25,2,Life Sciences,1888,2,Female,93,2,2,Manufacturing Director,4,Married,5906,23888,0,No,13,3,4,2,10,2,2,9,8,3,8,0,2015,2015-01,0,0.10169268593927706,Low
49,Travel_Rarely,1490,Research & Development,7,4,Life Sciences,1484,3,Male,35,3,3,Healthcare Representative,2,Divorced,10466,20948,3,No,14,3,2,2,29,3,3,8,7,0,7,0,2016,2016-01,0,0.030890315219215668,Low
38,Travel_Rarely,119,Sales,3,3,Life Sciences,307,1,Male,76,3,3,Sales Executive,3,Divorced,10609,9647,0,No,12,3,3,2,17,6,2,16,10,5,13,0,2008,2008-01,0,0.11226241320914843,Low
31,Travel_Rarely,311,Research & Development,20,3,Life Sciences,1881,2,Male,89,3,2,Laboratory Technician,3,Divorced,4197,18624,1,No,11,3,1,1,10,2,3,10,8,0,2,0,2014,2014-01,0,0.14979029175677583,Low
30,Non-Travel,111,Research & Development,9,3,Medical,239,3,Male,66,3,2,Laboratory Technician,1,Divorced,3072,11012,1,No,11,3,3,2,12,4,3,12,9,6,10,0,2012,2012-01,0,0.12059107402261925,Low
33,Non-Travel,1283,Sales,2,3,Marketing,1756,4,Female,62,3,2,Sales Executive,2,Single,5147,10697,8,No,15,3,4,0,13,2,2,11,7,1,7,0,2013,2013-01,0,0.18239287110769403,Low
26,Travel_Frequently,342,Research & Development,2,3,Life Sciences,1053,1,Male,57,3,1,Research Scientist,1,Married,2042,15346,6,Yes,14,3,2,1,6,2,3,3,2,1,2,1,2021,2021-01,1,0.6296329496339242,High
58,Travel_Rarely,147,Research & Development,23,4,Medical,165,4,Female,94,3,3,Healthcare Representative,4,Married,10312,3465,1,No,12,3,4,1,40,3,2,40,10,15,6,1,1984,1984-01,0,0.1504606872873796,Low
53,Travel_Rarely,1282,Research & Development,5,3,Other,32,3,Female,58,3,5,Manager,3,Divorced,19094,10735,4,No,11,3,4,1,26,3,2,14,13,4,8,0,2010,2010-01,0,0.019614475953031257,Low
27,Travel_Rarely,511,Sales,2,2,Medical,1898,1,Female,89,4,2,Sales Executive,3,Single,6500,26997,0,No,14,3,2,0,9,5,2,8,7,0,7,0,2016,2016-01,0,0.1610756413095659,Low
40,Travel_Rarely,369,Research & Development,8,2,Life Sciences,1724,2,Female,92,3,2,Manufacturing Director,1,Married,6516,5041,2,Yes,16,3,2,1,18,3,3,1,0,0,0,0,2023,2023-01,0,0.1535035827501322,Low
38,Travel_Rarely,1495,Research & Development,10,3,Medical,634,3,Female,76,3,2,Healthcare Representative,3,Married,9824,22174,3,No,19,3,3,1,18,4,3,1,0,0,0,0,2023,2023-01,0,0.11265119589595693,Low
44,Travel_Rarely,1376,Human Resources,1,2,Medical,1098,2,Male,91,2,3,Human Resources,1,Married,10482,2326,9,No,14,3,4,1,24,1,3,20,6,3,6,1,2004,2004-01,0,0.07501226740848475,Low
41,Non-Travel,509,Research & Development,2,4,Other,616,1,Female,62,2,2,Healthcare Representative,3,Single,6811,2112,2,Yes,17,3,1,0,10,3,3,8,7,0,7,0,2016,2016-01,0,0.1659481229559293,Low
37,Travel_Frequently,1278,Sales,1,4,Medical,1700,3,Male,31,1,2,Sales Executive,4,Divorced,9525,7677,1,No,14,3,3,2,6,2,2,6,3,1,3,0,2018,2018-01,0,0.0861308854541719,Low
46,Travel_Rarely,526,Sales,1,2,Marketing,244,2,Female,92,3,3,Sales Executive,1,Divorced,10453,2137,1,No,25,4,3,3,24,2,3,24,13,15,7,0,2000,2000-01,0,0.12798957781074158,Low
52,Travel_Rarely,699,Research & Development,1,4,Life Sciences,259,3,Male,65,2,5,Manager,3,Married,19999,5678,0,No,14,3,1,1,34,5,3,33,18,11,9,0,1991,1991-01,0,0.14122182138144296,Low
25,Travel_Frequently,599,Sales,24,1,Life Sciences,1273,3,Male,73,1,1,Sales Representative,4,Single,1118,8040,1,Yes,14,3,4,0,1,4,3,1,0,1,0,1,2023,2023-01,1,0.788474546678063,High
29,Travel_Frequently,1404,Sales,20,3,Technical Degree,974,3,Female,84,3,1,Sales Representative,4,Married,2157,18203,1,No,15,3,2,1,3,5,3,3,1,0,2,0,2021,2021-01,0,0.2552776282869823,Low
31,Travel_Frequently,444,Sales,5,3,Marketing,399,4,Female,84,3,1,Sales Representative,2,Divorced,2789,3909,1,No,11,3,3,1,2,5,2,2,2,2,2,0,2022,2022-01,0,0.25327514576014115,Low
25,Travel_Rarely,383,Sales,9,2,Life Sciences,1439,1,Male,68,2,1,Sales Representative,1,Married,4400,15182,3,No,12,3,1,0,6,2,3,3,2,2,2,1,2021,2021-01,0,0.2963637699041266,Low
24,Travel_Frequently,567,Research & Development,2,1,Technical Degree,1646,1,Female,32,3,1,Research Scientist,4,Single,3760,17218,1,Yes,13,3,3,0,6,2,3,6,3,1,3,0,2018,2018-01,0,0.40538849681189193,Medium
29,Travel_Rarely,992,Research & Development,1,3,Technical Degree,300,3,Male,85,3,1,Research Scientist,3,Single,2058,19757,0,No,14,3,4,0,7,1,2,6,2,1,5,1,2018,2018-01,0,0.12051968740737831,Low
25,Travel_Rarely,1382,Sales,8,2,Other,2018,1,Female,85,3,2,Sales Executive,3,Divorced,4907,13684,0,Yes,22,4,2,1,6,3,2,5,3,0,4,0,2019,2019-01,0,0.1468291015389668,Low
35,Travel_Frequently,482,Research & Development,4,4,Life Sciences,1350,3,Male,87,3,2,Research Scientist,3,Single,4249,2690,1,Yes,11,3,2,0,9,3,3,9,6,1,1,0,2015,2015-01,0,0.1927986945844143,Low
46,Travel_Rarely,430,Research & Development,1,4,Medical,1069,4,Male,40,3,5,Research Director,4,Divorced,19627,21445,9,No,17,3,4,2,23,0,3,2,2,2,2,0,2022,2022-01,0,0.09753325519660631,Low
42,Travel_Rarely,188,Research & Development,29,3,Medical,1148,2,Male,56,1,2,Laboratory Technician,4,Single,4272,9558,4,No,19,3,1,0,16,3,3,1,0,0,0,0,2023,2023-01,0,0.1840124807953386,Low
37,Travel_Rarely,571,Research & Development,10,1,Life Sciences,802,4,Female,82,3,1,Research Scientist,1,Divorced,2782,19905,0,Yes,13,3,2,2,6,3,2,5,3,4,3,0,2019,2019-01,0,0.19506527691210906,Low
27,Travel_Rarely,1054,Research & Development,8,3,Medical,1751,3,Female,67,3,1,Research Scientist,4,Single,3445,6152,1,No,11,3,3,0,6,5,2,6,2,1,4,0,2018,2018-01,0,0.1216290718323811,Low
38,Travel_Rarely,1404,Sales,1,3,Life Sciences,1961,1,Male,59,2,1,Sales Representative,1,Single,2858,11473,4,No,14,3,1,0,20,3,2,1,0,0,0,0,2023,2023-01,0,0.3184099782901998,Medium
36,Non-Travel,301,Sales,15,4,Marketing,2036,4,Male,88,1,2,Sales Executive,4,Divorced,5406,10436,1,No,24,4,1,1,15,4,2,15,12,11,11,0,2009,2009-01,0,0.10899440659100483,Low
27,Travel_Rarely,618,Research & Development,4,3,Life Sciences,933,2,Female,76,3,1,Research Scientist,3,Single,2318,17808,1,No,19,3,3,0,1,2,3,1,1,0,0,0,2023,2023-01,1,0.6234131470051522,High
40,Travel_Rarely,1416,Research & Development,2,2,Medical,352,1,Male,49,3,5,Research Director,3,Divorced,19436,5949,0,No,19,3,4,1,22,5,3,21,7,3,9,0,2003,2003-01,0,0.034389782820401275,Low
44,Travel_Rarely,935,Research & Development,3,3,Life Sciences,1333,1,Male,89,3,1,Laboratory Technician,1,Married,2362,14669,4,No,12,3,3,0,10,4,4,3,2,1,2,1,2021,2021-01,0,0.17947100427175713,Low
34,Travel_Rarely,1351,Research & Development,1,4,Life Sciences,1580,2,Male,45,3,2,Research Scientist,4,Married,5484,13008,9,No,17,3,2,1,9,3,2,2,2,2,1,0,2022,2022-01,0,0.09637267709149148,Low
36,Travel_Rarely,559,Research & Development,12,4,Life Sciences,1614,3,Female,76,3,2,Manufacturing Director,3,Married,4663,12421,9,Yes,12,3,2,2,7,2,3,3,2,1,1,0,2021,2021-01,0,0.25940025800542726,Low
28,Travel_Rarely,1451,Research & Development,2,1,Life Sciences,1136,1,Male,67,2,1,Research Scientist,2,Married,3201,19911,0,No,17,3,1,0,6,2,1,5,3,0,4,0,2019,2019-01,0,0.17534945007948707,Low
56,Travel_Rarely,206,Human Resources,8,4,Life Sciences,1338,4,Male,99,3,5,Manager,2,Single,19717,4022,6,No,14,3,1,0,36,4,3,7,3,7,7,0,2017,2017-01,0,0.12279026590815807,Low
35,Non-Travel,1097,Research & Development,11,2,Medical,70,3,Male,79,2,3,Healthcare Representative,1,Married,9884,8302,2,Yes,13,3,3,1,10,3,3,4,0,2,3,0,2020,2020-01,0,0.11902879731872144,Low
40,Travel_Rarely,329,Research & Development,1,4,Life Sciences,1361,2,Male,88,3,1,Laboratory Technician,2,Married,2387,6762,3,No,22,4,3,1,7,3,3,4,2,0,3,0,2020,2020-01,0,0.1233312135682306,Low
41,Travel_Rarely,263,Research & Development,6,3,Medical,957,4,Male,59,3,1,Laboratory Technician,1,Single,4721,3119,2,Yes,13,3,3,0,20,3,3,18,13,2,17,0,2006,2006-01,0,0.15543277713816858,Low
30,Travel_Rarely,921,Research & Development,1,3,Life Sciences,806,4,Male,38,1,1,Laboratory Technician,3,Married,3833,24375,3,No,21,4,3,2,7,2,3,2,2,0,2,0,2022,2022-01,0,0.16744336606534066,Low
46,Travel_Frequently,1034,Research & Development,18,1,Medical,624,1,Female,86,3,3,Healthcare Representative,3,Married,10527,8984,5,No,11,3,4,0,28,3,2,2,2,1,2,0,2022,2022-01,0,0.13075741495553608,Low
30,Travel_Frequently,721,Research & Development,1,2,Medical,57,3,Female,58,3,2,Laboratory Technician,4,Single,4011,10781,1,No,23,4,4,0,12,2,3,12,8,3,7,0,2012,2012-01,0,0.08170242166176798,Low
35,Travel_Rarely,819,Research & Development,2,3,Life Sciences,1182,3,Male,44,2,3,Manufacturing Director,2,Divorced,10274,19588,2,No,18,3,2,1,15,2,4,7,7,6,4,0,2017,2017-01,0,0.05411444622523998,Low
38,Travel_Rarely,1380,Research & Development,9,2,Life Sciences,245,3,Female,75,3,1,Laboratory Technician,4,Single,2288,6319,1,No,12,3,3,0,2,3,3,2,2,2,1,0,2022,2022-01,0,0.2013135931003307,Low
38,Travel_Rarely,268,Research & Development,2,5,Medical,773,4,Male,92,3,1,Research Scientist,3,Married,3057,20471,6,Yes,13,3,2,1,6,0,1,1,0,0,1,0,2023,2023-01,0,0.25623863715364686,Low
44,Travel_Rarely,136,Research & Development,28,3,Life Sciences,1523,4,Male,32,3,4,Research Director,1,Married,16328,22074,3,No,13,3,3,1,24,1,4,20,6,14,17,0,2004,2004-01,0,0.11717579568204001,Low
27,Travel_Rarely,728,Sales,23,1,Medical,1864,2,Female,36,2,2,Sales Representative,3,Married,3540,7018,1,No,21,4,4,1,9,5,3,9,8,5,8,0,2015,2015-01,0,0.16458616275428867,Low
28,Travel_Frequently,193,Research & Development,2,3,Life Sciences,1296,4,Male,52,2,1,Laboratory Technician,4,Married,3867,14222,1,Yes,12,3,2,1,2,2,3,2,2,2,2,0,2022,2022-01,0,0.34438271322233355,Medium
42,Travel_Rarely,691,Sales,8,4,Marketing,35,3,Male,48,3,2,Sales Executive,2,Married,6825,21173,0,No,11,3,4,1,10,2,3,9,7,4,2,0,2015,2015-01,0,0.11780670750349753,Low
32,Travel_Frequently,585,Research & Development,10,3,Life Sciences,1720,1,Male,56,3,1,Research Scientist,3,Married,3433,17360,6,No,13,3,1,1,10,3,2,5,2,1,3,0,2019,2019-01,0,0.30095371329396353,Medium
26,Travel_Rarely,950,Sales,4,4,Marketing,401,4,Male,48,2,2,Sales Executive,4,Single,5828,8450,1,Yes,12,3,2,0,8,0,3,8,7,7,4,1,2016,2016-01,0,0.2951401483620639,Low
29,Travel_Frequently,461,Research & Development,1,3,Life Sciences,1753,4,Male,70,4,2,Healthcare Representative,3,Single,6294,23060,8,Yes,12,3,4,0,10,5,4,3,2,0,2,0,2021,2021-01,0,0.2743498646565466,Low
31,Non-Travel,587,Sales,2,4,Life Sciences,1324,4,Female,57,3,3,Sales Executive,3,Divorced,9852,8935,1,Yes,19,3,1,1,10,5,2,10,8,9,6,0,2014,2014-01,0,0.12289103608336208,Low
41,Travel_Rarely,1356,Sales,20,2,Marketing,248,2,Female,70,3,1,Sales Representative,2,Single,3140,21728,1,Yes,22,4,4,0,4,5,2,4,3,0,2,1,2020,2020-01,0,0.32943375043164475,Medium
50,Travel_Frequently,1421,Research & Development,2,3,Medical,1215,4,Female,30,3,4,Manager,1,Married,17856,9490,2,No,22,4,3,1,32,3,3,2,2,2,2,0,2022,2022-01,0,0.026918300619419848,Low
33,Travel_Rarely,527,Research & Development,1,4,Other,780,4,Male,63,3,1,Research Scientist,4,Single,2686,5207,1,Yes,13,3,3,0,10,2,2,10,9,7,8,1,2014,2014-01,0,0.2118597693360358,Low
47,Travel_Rarely,1454,Sales,2,4,Life Sciences,925,4,Female,65,2,1,Sales Representative,4,Single,3294,13137,1,Yes,18,3,1,0,3,3,2,3,2,1,2,0,2021,2021-01,0,0.3100772476817762,Medium
41,Travel_Rarely,933,Research & Development,9,4,Life Sciences,200,3,Male,94,3,1,Laboratory Technician,1,Married,2238,6961,2,No,21,4,4,1,7,2,3,5,0,1,4,0,2019,2019-01,0,0.10848096406413667,Low
31,Travel_Rarely,1276,Research & Development,2,1,Medical,1974,4,Female,59,1,1,Laboratory Technician,4,Divorced,1129,17536,1,Yes,11,3,3,3,1,4,3,1,0,0,0,0,2023,2023-01,0,0.45096838134492223,Medium
40,Travel_Rarely,658,Sales,10,4,Marketing,954,1,Male,67,2,3,Sales Executive,2,Divorced,9705,20652,2,No,12,3,2,1,11,2,2,1,0,0,0,0,2023,2023-01,0,0.3038031091090979,Medium
35,Travel_Rarely,755,Research & Development,9,4,Life Sciences,496,3,Male,97,2,2,Healthcare Representative,2,Single,6540,19394,9,No,19,3,3,0,10,5,3,1,1,0,0,0,2023,2023-01,0,0.25623299616830447,Low
35,Travel_Frequently,200,Research & Development,18,2,Life Sciences,1412,3,Male,60,3,3,Manufacturing Director,4,Single,9362,19944,2,No,11,3,3,0,10,2,3,2,2,2,2,0,2022,2022-01,0,0.15094992192449497,Low
55,Travel_Rarely,282,Research & Development,2,2,Medical,1336,4,Female,58,1,5,Manager,3,Married,19187,6992,4,No,14,3,4,1,23,5,3,19,9,9,11,0,2005,2005-01,0,0.13612251616825394,Low
58,Travel_Rarely,1055,Research & Development,1,3,Medical,1423,4,Female,76,3,5,Research Director,1,Married,19701,22456,3,Yes,21,4,3,1,32,3,3,9,8,1,5,0,2015,2015-01,0,0.13117541298407281,Low
37,Travel_Rarely,1192,Research & Development,5,2,Medical,460,4,Male,61,3,2,Manufacturing Director,4,Divorced,6347,23177,7,No,16,3,3,2,8,2,2,6,2,0,4,0,2018,2018-01,0,0.07606836692492724,Low
21,Travel_Rarely,996,Research & Development,3,2,Medical,379,4,Male,100,2,1,Research Scientist,3,Single,3230,10531,1,No,17,3,1,0,3,4,4,3,2,1,0,0,2021,2021-01,0,0.2526166272099908,Low
31,Travel_Rarely,106,Human Resources,2,3,Human Resources,424,1,Male,62,2,2,Human Resources,1,Married,6410,17822,3,No,12,3,4,0,9,1,3,2,2,1,0,0,2022,2022-01,0,0.3291143512628447,Medium
41,Non-Travel,906,Research & Development,5,2,Life Sciences,1210,1,Male,95,2,1,Research Scientist,1,Divorced,2107,20293,6,No,17,3,1,1,5,2,1,1,0,0,0,1,2023,2023-01,0,0.2017363546672673,Low
36,Travel_Frequently,1467,Sales,11,2,Technical Degree,154,2,Female,92,3,3,Sales Executive,4,Married,9738,22952,0,No,14,3,3,1,10,6,3,9,7,2,8,0,2015,2015-01,0,0.12439130118536383,Low
32,Travel_Rarely,371,Sales,19,3,Life Sciences,1739,4,Male,80,1,3,Sales Executive,3,Married,9610,3840,3,No,13,3,3,1,10,2,1,4,3,0,2,0,2020,2020-01,0,0.20826896735622602,Low
39,Travel_Frequently,443,Research & Development,8,1,Life Sciences,602,3,Female,48,3,1,Laboratory Technician,3,Married,3755,17872,1,No,11,3,1,1,8,3,3,8,3,0,7,0,2016,2016-01,0,0.13710025378017446,Low
22,Travel_Rarely,1256,Research & Development,19,1,Medical,217,3,Male,80,3,1,Research Scientist,4,Married,2323,11992,1,No,24,4,1,2,2,6,3,2,2,2,2,0,2022,2022-01,0,0.1760894038255004,Low
43,Travel_Rarely,982,Research & Development,12,3,Life Sciences,520,1,Male,59,2,4,Research Director,2,Divorced,14336,4345,1,No,11,3,3,1,25,3,3,25,10,3,9,0,1999,1999-01,0,0.02392314621429099,Low
34,Travel_Rarely,1326,Sales,3,3,Other,1478,4,Male,81,1,2,Sales Executive,1,Single,4759,15891,3,No,18,3,4,0,15,2,3,13,9,3,12,0,2011,2011-01,0,0.15208488188835292,Low
28,Travel_Rarely,1083,Research & Development,29,1,Life Sciences,1514,3,Male,96,1,2,Manufacturing Director,2,Married,6549,3173,1,No,14,3,2,2,8,2,2,8,6,1,7,0,2016,2016-01,0,0.060978224291946305,Low
26,Travel_Rarely,683,Research & Development,2,1,Medical,1407,1,Male,36,2,1,Research Scientist,4,Single,3904,4050,0,No,12,3,4,0,5,2,3,4,3,1,1,0,2020,2020-01,0,0.1434950856390012,Low
42,Travel_Rarely,532,Research & Development,4,2,Technical Degree,319,3,Male,58,3,5,Manager,4,Married,19232,4933,1,No,11,3,4,0,22,3,3,22,17,11,15,0,2002,2002-01,0,0.06211742012730334,Low
34,Travel_Frequently,426,Research & Development,10,4,Life Sciences,1615,3,Male,42,4,2,Manufacturing Director,4,Divorced,4724,17000,1,No,13,3,1,1,9,3,3,9,7,7,2,0,2015,2015-01,0,0.08969117204551225,Low
56,Travel_Rarely,441,Research & Development,14,4,Life Sciences,161,2,Female,72,3,1,Research Scientist,2,Married,4963,4510,9,Yes,18,3,1,3,7,2,3,5,4,4,3,1,2019,2019-01,0,0.24910589422990814,Low
29,Travel_Rarely,1092,Research & Development,1,4,Medical,2027,1,Male,36,3,1,Research Scientist,4,Married,4787,26124,9,Yes,14,3,2,3,4,3,4,2,2,2,2,1,2022,2022-01,0,0.2818247312318155,Low
40,Travel_Rarely,1202,Research & Development,2,1,Medical,1375,2,Female,89,4,2,Healthcare Representative,3,Divorced,6377,13888,5,No,20,4,2,3,15,0,3,12,11,11,8,0,2012,2012-01,0,0.0714533656524881,Low
24,Travel_Rarely,693,Sales,3,2,Life Sciences,720,1,Female,65,3,2,Sales Executive,3,Single,4577,24785,9,No,14,3,1,0,4,3,3,2,2,2,0,1,2022,2022-01,0,0.34314982182896103,Medium
36,Travel_Rarely,335,Sales,17,2,Marketing,1908,3,Male,33,2,2,Sales Executive,2,Married,5507,16822,2,No,16,3,3,2,12,1,1,4,2,1,3,0,2020,2020-01,0,0.251925363583713,Low
43,Travel_Frequently,775,Sales,15,3,Life Sciences,754,4,Male,47,2,2,Sales Executive,4,Married,6804,23683,3,No,18,3,3,1,7,5,3,2,2,2,2,0,2022,2022-01,0,0.1558421714356367,Low
50,Travel_Frequently,1246,Human Resources,3,3,Medical,644,1,Male,99,3,5,Manager,2,Married,18200,7999,1,No,11,3,3,1,32,2,3,32,5,10,7,0,1992,1992-01,0,0.09976332275539847,Low
34,Travel_Rarely,699,Research & Development,6,1,Medical,31,2,Male,83,3,1,Research Scientist,1,Single,2960,17102,2,No,11,3,3,0,8,2,3,4,2,1,3,1,2020,2020-01,0,0.1643772054396522,Low
42,Non-Travel,179,Human Resources,2,5,Medical,1231,4,Male,79,4,2,Human Resources,1,Married,6272,12858,7,No,16,3,1,1,10,3,4,4,3,0,3,0,2020,2020-01,0,0.1289881723883224,Low
42,Travel_Frequently,933,Research & Development,19,3,Medical,752,3,Male,57,4,1,Research Scientist,3,Divorced,2759,20366,6,Yes,12,3,4,0,7,2,3,2,2,2,2,1,2022,2022-01,0,0.32826038632903204,Medium
30,Travel_Rarely,330,Human Resources,1,3,Life Sciences,1499,3,Male,46,3,1,Human Resources,3,Divorced,2064,15428,0,No,21,4,1,1,6,3,4,5,3,1,3,0,2019,2019-01,0,0.15006391415723097,Low
51,Travel_Rarely,1323,Research & Development,4,4,Life Sciences,1081,1,Male,34,3,1,Research Scientist,3,Married,2461,10332,9,Yes,12,3,3,3,18,2,4,10,0,2,7,1,2014,2014-01,0,0.17491750752183993,Low
39,Non-Travel,1251,Sales,21,4,Life Sciences,1929,1,Female,32,1,2,Sales Executive,3,Married,5736,3987,6,No,19,3,3,1,10,1,3,3,2,1,2,0,2021,2021-01,0,0.19259769474619023,Low
37,Travel_Rarely,1373,Research & Development,2,2,Other,4,4,Male,92,2,1,Laboratory Technician,3,Single,2090,2396,6,Yes,15,3,2,0,7,3,3,0,0,0,0,1,2024,2024-01,0,0.37302630942766846,Medium
31,Travel_Frequently,1327,Research & Development,3,4,Medical,337,2,Male,73,3,3,Research Director,3,Divorced,13675,13523,9,No,12,3,1,1,9,3,3,2,2,2,2,0,2022,2022-01,0,0.14301501057869884,Low
27,Travel_Rarely,155,Research & Development,4,3,Life Sciences,2064,2,Male,87,4,2,Manufacturing Director,2,Married,6142,5174,1,Yes,20,4,2,1,6,0,3,6,2,0,3,0,2018,2018-01,0,0.14071423003710926,Low
41,Travel_Rarely,1411,Research & Development,19,2,Life Sciences,334,3,Male,36,3,2,Research Scientist,1,Divorced,3072,19877,2,No,16,3,1,2,17,2,2,1,0,0,0,0,2023,2023-01,0,0.18457979945305997,Low
47,Travel_Frequently,1309,Sales,4,1,Medical,467,2,Male,99,3,2,Sales Representative,3,Single,2976,25751,3,No,19,3,1,0,5,3,3,0,0,0,0,0,2024,2024-01,0,0.23091596827220692,Low
38,Travel_Rarely,1035,Sales,3,4,Life Sciences,1036,2,Male,42,3,2,Sales Executive,4,Single,6861,4981,8,Yes,12,3,3,0,19,1,3,1,0,0,0,0,2023,2023-01,0,0.2734958056996889,Low
26,Travel_Frequently,575,Research & Development,3,1,Technical Degree,510,3,Male,73,3,1,Research Scientist,1,Single,3102,6582,0,No,22,4,3,0,7,2,3,6,4,0,4,1,2018,2018-01,0,0.19356866928356706,Low
41,Travel_Rarely,314,Human Resources,1,3,Human Resources,734,4,Male,59,2,5,Manager,3,Married,19189,19562,1,No,12,3,2,1,22,3,3,22,7,2,10,0,2002,2002-01,0,0.050377103404026916,Low
30,Travel_Frequently,109,Research & Development,5,3,Medical,1017,2,Female,60,3,1,Laboratory Technician,2,Single,2422,25725,0,No,17,3,1,0,4,3,3,3,2,1,2,1,2021,2021-01,0,0.16481512899465325,Low
36,Travel_Rarely,1403,Research & Development,6,3,Life Sciences,373,4,Male,47,3,1,Laboratory Technician,4,Married,3210,20251,0,No,11,3,3,1,16,4,3,15,13,10,11,0,2009,2009-01,0,0.06765057704953034,Low
50,Travel_Frequently,959,Sales,1,4,Other,1113,4,Male,81,3,2,Sales Executive,3,Single,4728,17251,3,Yes,14,3,4,0,5,4,3,0,0,0,0,1,2024,2024-01,0,0.2120194035248288,Low
24,Travel_Rarely,691,Research & Development,23,3,Medical,639,2,Male,89,4,1,Research Scientist,4,Married,2725,21630,1,Yes,11,3,2,2,6,3,3,6,5,1,4,0,2018,2018-01,0,0.3326015087671088,Medium
31,Travel_Rarely,140,Research & Development,12,1,Medical,246,3,Female,95,3,1,Research Scientist,4,Married,3929,6984,8,Yes,23,4,3,1,7,0,3,4,2,0,2,0,2020,2020-01,0,0.2968467186425857,Low
36,Travel_Rarely,530,Sales,2,4,Life Sciences,1710,3,Female,51,3,2,Sales Representative,4,Single,4502,7439,3,No,15,3,3,0,17,2,2,13,7,6,7,0,2011,2011-01,0,0.1798485622442149,Low
52,Non-Travel,585,Sales,29,4,Life Sciences,2019,1,Male,40,3,1,Sales Representative,4,Divorced,3482,19788,2,No,15,3,2,2,16,3,2,9,8,0,0,0,2015,2015-01,0,0.15980827285218158,Low
29,Travel_Rarely,896,Research & Development,18,1,Medical,315,3,Male,86,2,1,Research Scientist,4,Single,2389,14961,1,Yes,13,3,3,0,4,3,2,4,3,0,1,1,2020,2020-01,0,0.4726856747327154,Medium
34,Travel_Frequently,829,Research & Development,15,3,Medical,1485,2,Male,71,3,4,Research Director,1,Divorced,17007,11929,7,No,14,3,4,2,16,3,2,14,8,6,9,0,2010,2010-01,0,0.09338558746599335,Low
32,Travel_Rarely,977,Research & Development,2,3,Medical,1671,4,Male,45,3,2,Research Scientist,2,Divorced,5470,25518,0,No,13,3,3,2,10,4,2,9,5,1,6,0,2015,2015-01,0,0.035256783675752926,Low
28,Travel_Rarely,1217,Research & Development,1,3,Medical,1834,3,Female,67,3,1,Research Scientist,1,Married,3591,12719,1,No,25,4,3,1,3,3,3,3,2,1,2,0,2021,2021-01,0,0.10821702440141497,Low
59,Travel_Rarely,142,Research & Development,3,3,Life Sciences,309,3,Male,70,2,1,Research Scientist,4,Married,2177,8456,3,No,17,3,1,1,7,6,3,1,0,0,0,0,2023,2023-01,0,0.20475391250178754,Low
46,Travel_Rarely,228,Sales,3,3,Life Sciences,1527,3,Female,51,3,4,Manager,2,Married,16606,11380,8,No,12,3,4,1,23,2,4,13,12,5,1,0,2011,2011-01,0,0.13064826121862327,Low
26,Travel_Rarely,482,Research & Development,1,2,Life Sciences,1893,2,Female,90,2,1,Research Scientist,3,Married,2933,14908,1,Yes,13,3,3,1,1,3,2,1,0,1,0,0,2023,2023-01,0,0.4633934194456314,Medium
35,Travel_Frequently,880,Sales,12,4,Other,1667,4,Male,36,3,2,Sales Executive,4,Single,4581,10414,3,Yes,24,4,1,0,13,2,4,11,9,6,7,1,2013,2013-01,0,0.24740094887317807,Low
33,Travel_Rarely,832,Research & Development,5,4,Life Sciences,338,3,Female,63,2,1,Research Scientist,4,Married,2911,14776,1,No,13,3,3,1,2,2,2,2,2,0,2,0,2022,2022-01,0,0.20741164694071437,Low
44,Travel_Rarely,625,Research & Development,4,3,Medical,852,4,Male,50,3,2,Healthcare Representative,2,Single,5933,5197,9,No,12,3,4,0,10,2,2,5,2,2,3,0,2019,2019-01,0,0.11077741676541471,Low
51,Travel_Rarely,684,Research & Development,6,3,Life Sciences,162,1,Male,51,3,5,Research Director,3,Single,19537,6462,7,No,13,3,3,0,23,5,3,20,18,15,15,0,2004,2004-01,0,0.09282359679266897,Low
40,Non-Travel,218,Research & Development,8,1,Medical,1468,4,Male,55,2,3,Research Director,2,Divorced,13757,25178,2,No,11,3,3,1,16,5,3,9,8,4,8,0,2015,2015-01,0,0.07160510633562826,Low
39,Travel_Rarely,141,Human Resources,3,3,Human Resources,760,3,Female,44,4,2,Human Resources,2,Married,6389,18767,9,No,15,3,3,1,12,3,1,8,3,3,6,0,2016,2016-01,0,0.10436814386182461,Low
48,Travel_Frequently,708,Sales,7,2,Medical,1691,4,Female,95,3,1,Sales Representative,3,Married,2655,11740,2,Yes,11,3,3,2,19,3,3,9,7,7,7,1,2015,2015-01,0,0.15382947918343257,Low
31,Travel_Frequently,715,Sales,2,4,Other,1613,4,Male,54,3,2,Sales Executive,1,Single,5332,21602,7,No,13,3,4,0,10,3,3,5,2,0,3,0,2019,2019-01,0,0.33250277318117566,Medium
37,Travel_Rarely,309,Sales,10,4,Life Sciences,1105,4,Female,88,2,2,Sales Executive,4,Divorced,6694,24223,2,Yes,14,3,3,3,8,5,3,1,0,0,0,0,2023,2023-01,0,0.18214518416857753,Low
28,Travel_Rarely,1144,Sales,10,1,Medical,1056,4,Male,74,3,1,Sales Representative,2,Married,1052,23384,1,No,22,4,2,0,1,5,3,1,0,0,0,0,2023,2023-01,1,0.5384347849108474,High
19,Travel_Rarely,419,Sales,21,3,Other,959,4,Male,37,2,1,Sales Representative,2,Single,2121,9947,1,Yes,13,3,2,0,1,3,4,1,0,0,0,1,2023,2023-01,1,0.9284406492423344,High
37,Travel_Frequently,663,Research & Development,11,3,Other,306,2,Male,47,3,3,Research Director,4,Divorced,12185,10056,1,Yes,14,3,3,3,10,1,3,10,8,0,7,0,2014,2014-01,0,0.1410353275012132,Low
25,Travel_Rarely,266,Research & Development,1,3,Medical,1303,4,Female,40,3,1,Research Scientist,2,Single,2096,18830,1,No,18,3,4,0,2,3,2,2,2,2,1,0,2022,2022-01,0,0.4026840221622823,Medium
41,Travel_Rarely,427,Human Resources,10,4,Human Resources,731,2,Male,73,2,5,Manager,4,Divorced,19141,8861,3,No,15,3,2,3,23,2,2,21,6,12,6,0,2003,2003-01,0,0.09683909977426819,Low
22,Non-Travel,1123,Research & Development,16,2,Medical,22,4,Male,96,4,1,Laboratory Technician,4,Divorced,2935,7324,1,Yes,13,3,2,2,1,2,2,1,0,0,0,0,2023,2023-01,0,0.3505030297605484,Medium
53,Travel_Rarely,102,Research & Development,23,4,Life Sciences,901,4,Female,72,3,4,Research Director,4,Single,14275,20206,6,No,18,3,3,0,33,0,3,12,9,3,8,0,2012,2012-01,0,0.07550544939136795,Low
50,Travel_Rarely,1464,Research & Development,2,4,Medical,1061,2,Male,62,3,5,Research Director,3,Married,19237,12853,2,Yes,11,3,4,1,29,2,2,8,1,7,7,0,2016,2016-01,0,0.12225163711470287,Low
44,Non-Travel,381,Research & Development,24,3,Medical,744,1,Male,49,1,1,Laboratory Technician,3,Single,3708,2104,2,No,14,3,3,0,9,5,3,5,2,1,4,0,2019,2019-01,0,0.16396265499698665,Low
43,Travel_Rarely,1179,Sales,2,3,Medical,1706,4,Male,73,3,2,Sales Executive,4,Married,7847,6069,1,Yes,17,3,1,1,10,3,3,10,9,8,8,0,2014,2014-01,0,0.1260630910448868,Low
54,Travel_Rarely,155,Research & Development,9,2,Life Sciences,1969,1,Female,67,3,2,Research Scientist,3,Married,2897,22474,3,No,11,3,3,2,9,6,2,4,3,2,3,0,2020,2020-01,0,0.11259315152505618,Low
36,Travel_Rarely,216,Research & Development,6,2,Medical,178,2,Male,84,3,2,Manufacturing Director,2,Divorced,4941,2819,6,No,20,4,4,2,7,0,3,3,2,0,1,0,2021,2021-01,0,0.12572764190913943,Low
46,Travel_Rarely,168,Sales,4,2,Marketing,1280,4,Female,33,2,5,Manager,2,Married,18789,9946,2,No,14,3,3,1,26,2,3,11,4,0,8,0,2013,2013-01,0,0.08312082293008437,Low
55,Travel_Rarely,478,Research & Development,2,3,Medical,1770,3,Male,60,2,5,Research Director,1,Married,19038,19805,8,No,12,3,2,3,34,2,3,1,0,0,0,0,2023,2023-01,0,0.07232949726147468,Low
39,Travel_Rarely,1089,Research & Development,6,3,Life Sciences,1525,2,Female,32,3,3,Manufacturing Director,2,Single,8376,9150,4,No,18,3,4,0,9,3,3,2,0,2,2,0,2022,2022-01,0,0.11281207865324917,Low
21,Travel_Frequently,756,Sales,1,1,Technical Degree,478,1,Female,99,2,1,Sales Representative,2,Single,2174,9150,1,Yes,11,3,3,0,3,3,3,3,2,1,2,1,2021,2021-01,0,0.498020741345539,Medium
43,Travel_Frequently,559,Research & Development,10,4,Life Sciences,448,3,Female,82,2,2,Laboratory Technician,3,Divorced,5257,6227,1,No,11,3,2,1,9,3,4,9,7,0,0,0,2015,2015-01,0,0.1473081329645834,Low
51,Travel_Rarely,1169,Research & Development,7,4,Medical,211,2,Male,34,2,2,Manufacturing Director,3,Married,6132,13983,2,No,17,3,3,0,10,2,3,1,0,0,0,0,2023,2023-01,0,0.12141310678788449,Low
31,Travel_Rarely,1398,Human Resources,8,2,Medical,1461,4,Female,96,4,1,Human Resources,2,Single,2109,24609,9,No,18,3,4,0,8,3,3,3,2,0,2,0,2021,2021-01,0,0.21541620820144794,Low
33,Travel_Frequently,1392,Research & Development,3,4,Life Sciences,5,4,Female,56,3,1,Research Scientist,3,Married,2909,23159,1,Yes,11,3,3,0,8,3,3,8,7,3,0,0,2016,2016-01,0,0.32348075711887275,Medium
50,Travel_Rarely,869,Sales,3,2,Marketing,47,1,Male,86,2,1,Sales Representative,3,Married,2683,3810,1,Yes,14,3,3,0,3,2,3,3,2,0,2,1,2021,2021-01,0,0.2933486348532098,Low
45,Travel_Rarely,1234,Sales,11,2,Life Sciences,1045,4,Female,90,3,4,Manager,4,Married,17650,5404,3,No,13,3,2,1,26,4,4,9,3,1,1,0,2015,2015-01,0,0.06358042733671206,Low
33,Travel_Frequently,827,Research & Development,1,4,Other,998,3,Female,84,4,2,Healthcare Representative,2,Married,5488,20161,1,Yes,13,3,1,1,6,2,3,6,5,1,2,0,2018,2018-01,0,0.1493603610558954,Low
28,Non-Travel,1366,Research & Development,24,2,Technical Degree,1082,2,Male,72,2,3,Healthcare Representative,1,Single,8722,12355,1,No,12,3,1,0,10,2,2,10,7,1,9,1,2014,2014-01,0,0.1631943823844953,Low
18,Travel_Rarely,812,Sales,10,3,Medical,411,4,Female,69,2,1,Sales Representative,3,Single,1200,9724,1,No,12,3,1,0,0,2,3,0,0,0,0,0,2024,2024-01,1,0.7548427261188319,High
35,Travel_Rarely,583,Research & Development,25,4,Medical,1014,3,Female,57,3,3,Healthcare Representative,3,Divorced,10388,6975,1,Yes,11,3,3,1,16,3,2,16,10,10,1,0,2008,2008-01,0,0.09642678286626445,Low
38,Travel_Frequently,1186,Research & Development,3,4,Other,1060,3,Male,44,3,1,Research Scientist,3,Married,2821,2997,3,No,16,3,1,1,8,2,3,2,2,2,2,0,2022,2022-01,0,0.09699215414656207,Low
24,Travel_Rarely,823,Research & Development,17,2,Other,643,4,Male,94,2,1,Laboratory Technician,2,Married,2127,9100,1,No,21,4,4,1,1,2,3,1,0,0,0,0,2023,2023-01,1,0.5662091922218666,High
35,Travel_Rarely,538,Research & Development,25,2,Other,652,1,Male,54,2,2,Laboratory Technician,4,Single,3681,14004,4,No,14,3,4,0,9,3,3,3,2,0,2,0,2021,2021-01,0,0.21787220336557503,Low
33,Travel_Rarely,922,Research & Development,1,5,Medical,612,1,Female,95,4,4,Research Director,3,Divorced,16184,22578,4,No,19,3,3,1,10,2,3,6,1,0,5,0,2018,2018-01,0,0.07626627662157656,Low
37,Travel_Rarely,124,Research & Development,3,3,Other,1062,4,Female,35,3,2,Healthcare Representative,2,Single,4107,13848,3,No,15,3,1,0,8,3,2,4,3,0,1,0,2020,2020-01,0,0.12868707543859895,Low
36,Travel_Rarely,796,Research & Development,12,5,Medical,1073,4,Female,51,2,3,Manufacturing Director,4,Single,8858,15669,0,No,11,3,2,0,15,2,2,14,8,7,8,0,2010,2010-01,0,0.1292359431220066,Low
24,Travel_Rarely,1206,Research & Development,17,1,Medical,1009,4,Female,41,2,2,Manufacturing Director,3,Divorced,4377,24117,1,No,15,3,2,2,5,6,3,4,2,3,2,0,2020,2020-01,0,0.103491513577684,Low
28,Travel_Rarely,995,Research & Development,9,3,Medical,930,3,Female,77,3,1,Research Scientist,3,Divorced,2377,9834,5,No,18,3,2,1,6,2,3,2,2,2,2,0,2022,2022-01,0,0.21167903092959883,Low
39,Travel_Rarely,492,Research & Development,12,3,Medical,1654,4,Male,66,3,2,Manufacturing Director,2,Married,5295,7693,4,No,21,4,3,0,7,3,3,5,4,1,0,0,2019,2019-01,0,0.184277404387635,Low
37,Non-Travel,1040,Research & Development,2,2,Life Sciences,139,3,Male,100,2,2,Healthcare Representative,4,Divorced,5163,15850,5,No,14,3,4,1,17,2,4,1,0,0,0,0,2023,2023-01,0,0.15326488710733124,Low
41,Travel_Frequently,857,Research & Development,10,3,Life Sciences,199,4,Male,91,2,4,Manager,1,Divorced,17181,12888,4,No,13,3,2,1,21,2,2,7,6,7,7,0,2017,2017-01,0,0.0661979823715997,Low
25,Travel_Rarely,882,Research & Development,19,1,Medical,1358,4,Male,67,3,1,Laboratory Technician,4,Married,3669,9075,3,No,11,3,3,3,7,6,2,3,2,1,2,0,2021,2021-01,0,0.16815957233958184,Low
26,Travel_Rarely,1384,Research & Development,3,4,Medical,1177,1,Male,82,4,1,Laboratory Technician,4,Married,4420,13421,1,No,22,4,2,1,8,2,3,8,7,0,7,0,2016,2016-01,0,0.08786910340554732,Low
21,Travel_Rarely,1427,Research & Development,18,1,Other,923,4,Female,65,3,1,Research Scientist,4,Single,2693,8870,1,No,19,3,1,0,1,3,2,1,0,0,0,1,2023,2023-01,1,0.5286337017292773,High
26,Travel_Rarely,474,Research & Development,3,3,Life Sciences,1581,1,Female,89,3,1,Research Scientist,4,Married,2061,11133,1,No,21,4,1,0,1,5,3,1,0,0,0,0,2023,2023-01,1,0.538690072138069,High
53,Travel_Rarely,607,Research & Development,2,5,Technical Degree,1572,3,Female,78,2,3,Manufacturing Director,4,Married,10169,14618,0,No,16,3,2,1,34,4,3,33,7,1,9,1,1991,1991-01,0,0.11678107665477454,Low
22,Travel_Rarely,534,Research & Development,15,3,Medical,144,2,Female,59,3,1,Laboratory Technician,4,Single,2871,23785,1,No,15,3,3,0,1,5,3,0,0,0,0,0,2024,2024-01,1,0.6516370025190181,High
29,Travel_Rarely,1252,Research & Development,23,2,Life Sciences,824,3,Male,81,4,1,Research Scientist,3,Married,2700,23779,1,No,24,4,3,1,10,3,3,10,7,0,7,0,2014,2014-01,0,0.09193776110728943,Low
35,Travel_Rarely,185,Research & Development,23,4,Medical,1826,2,Male,91,1,1,Laboratory Technician,3,Married,2705,9696,0,No,16,3,2,1,6,2,4,5,4,0,3,0,2019,2019-01,0,0.1294017558345345,Low
34,Travel_Rarely,470,Research & Development,2,4,Life Sciences,339,4,Male,84,2,2,Manufacturing Director,1,Married,5957,23687,6,No,13,3,2,1,13,3,3,11,9,5,9,0,2013,2013-01,0,0.08716176761396462,Low
25,Travel_Rarely,583,Sales,4,1,Marketing,885,3,Male,87,2,2,Sales Executive,1,Married,4256,18154,1,No,12,3,1,0,5,1,4,5,2,0,3,0,2019,2019-01,0,0.15402924770021914,Low
58,Travel_Rarely,289,Research & Development,2,3,Technical Degree,977,4,Male,51,3,1,Research Scientist,3,Single,2479,26227,4,No,24,4,1,0,7,4,3,1,0,0,0,1,2023,2023-01,0,0.1981820202208789,Low
32,Travel_Rarely,334,Research & Development,5,2,Life Sciences,21,1,Male,80,4,1,Research Scientist,2,Divorced,3298,15053,0,Yes,12,3,4,2,7,5,2,6,2,0,5,0,2018,2018-01,0,0.22230929126957588,Low
35,Travel_Rarely,809,Research & Development,16,3,Medical,14,1,Male,84,4,1,Laboratory Technician,2,Married,2426,16479,0,No,13,3,3,1,6,5,3,5,4,0,3,0,2019,2019-01,0,0.1310515849368862,Low
42,Travel_Rarely,933,Research & Development,29,3,Life Sciences,836,2,Male,98,3,2,Manufacturing Director,2,Married,4434,11806,1,No,13,3,4,1,10,3,2,9,8,7,8,0,2015,2015-01,0,0.09566178852577459,Low
32,Travel_Rarely,515,Research & Development,1,3,Life Sciences,331,4,Male,62,2,1,Laboratory Technician,3,Single,3730,9571,0,Yes,14,3,4,0,4,2,1,3,2,1,2,1,2021,2021-01,0,0.3059266800604135,Medium
37,Travel_Rarely,1141,Research & Development,11,2,Medical,1033,1,Female,61,1,2,Healthcare Representative,2,Married,4777,14382,5,No,15,3,1,0,15,2,1,1,0,0,0,1,2023,2023-01,0,0.4039473163534321,Medium
36,Travel_Rarely,928,Sales,1,2,Life Sciences,857,2,Male,56,3,2,Sales Executive,4,Married,6201,2823,1,Yes,14,3,4,1,18,1,2,18,14,4,11,0,2006,2006-01,0,0.08191852149227036,Low
31,Travel_Frequently,1125,Research & Development,1,3,Life Sciences,1956,4,Male,48,1,2,Research Scientist,1,Married,5003,5771,1,No,21,4,2,0,10,6,3,10,8,8,7,0,2014,2014-01,0,0.18153889968000347,Low
28,Travel_Rarely,1181,Research & Development,1,3,Life Sciences,1799,3,Male,82,3,1,Research Scientist,4,Married,2044,5531,1,No,11,3,3,1,5,6,4,5,3,0,3,0,2019,2019-01,0,0.08874261415991393,Low
41,Travel_Rarely,334,Sales,2,4,Life Sciences,410,4,Male,88,3,4,Manager,2,Single,16015,15896,1,No,19,3,2,0,22,2,3,22,10,0,4,0,2002,2002-01,0,0.07150975344894332,Low
40,Travel_Rarely,299,Sales,25,4,Marketing,1318,4,Male,57,2,3,Sales Executive,2,Single,9094,17235,2,Yes,12,3,3,0,9,2,3,5,4,1,0,1,2019,2019-01,0,0.4546219384006458,Medium
33,Travel_Rarely,1075,Human Resources,3,2,Human Resources,910,4,Male,57,3,1,Human Resources,2,Divorced,2277,22650,3,Yes,11,3,3,1,7,4,4,4,3,0,3,0,2020,2020-01,0,0.40845845239153655,Medium
32,Non-Travel,976,Sales,26,4,Marketing,333,3,Male,100,3,2,Sales Executive,4,Married,4465,12069,0,No,18,3,1,0,4,2,3,3,2,2,2,0,2021,2021-01,0,0.18103366199288562,Low
38,Travel_Rarely,1321,Sales,1,4,Life Sciences,1995,4,Male,86,3,2,Sales Executive,2,Married,4440,7636,0,No,15,3,1,2,16,3,3,15,13,5,8,0,2009,2009-01,0,0.055953696956761625,Low
35,Non-Travel,1180,Research & Development,2,2,Medical,1804,2,Male,90,3,2,Manufacturing Director,4,Divorced,5762,24442,2,No,14,3,3,1,15,6,3,7,7,1,7,0,2017,2017-01,0,0.01204704450409566,Low
43,Travel_Rarely,574,Research & Development,11,3,Life Sciences,1971,1,Male,30,3,3,Healthcare Representative,3,Married,7510,16873,1,No,17,3,2,1,10,1,3,10,9,0,9,0,2014,2014-01,0,0.1297436384715398,Low
46,Travel_Rarely,706,Research & Development,2,2,Life Sciences,1857,4,Male,82,3,3,Manufacturing Director,4,Divorced,8578,19989,3,No,14,3,3,1,12,4,2,9,8,4,7,0,2015,2015-01,0,0.052458349441407585,Low
34,Non-Travel,1375,Sales,10,3,Life Sciences,1774,4,Male,87,3,2,Sales Executive,3,Divorced,4001,12313,1,Yes,14,3,3,1,15,3,3,15,14,0,7,0,2009,2009-01,0,0.04773319030596012,Low
49,Travel_Frequently,1023,Sales,2,3,Medical,2065,4,Male,63,2,2,Sales Executive,2,Married,5390,13243,2,No,14,3,4,0,17,3,2,9,6,0,8,0,2015,2015-01,0,0.14020563099985092,Low
32,Travel_Rarely,120,Research & Development,6,5,Life Sciences,231,3,Male,43,3,1,Research Scientist,3,Single,3038,12430,3,No,20,4,1,0,8,2,3,5,4,1,4,0,2019,2019-01,0,0.21955638249870063,Low
45,Travel_Frequently,1297,Research & Development,1,4,Medical,1922,2,Male,44,3,2,Healthcare Representative,3,Single,5399,14511,4,No,12,3,3,0,12,3,3,4,2,0,3,0,2020,2020-01,0,0.061036139365964456,Low
29,Travel_Rarely,590,Research & Development,4,3,Technical Degree,1762,4,Female,91,2,1,Research Scientist,1,Divorced,2109,10007,1,No,13,3,3,1,1,2,3,1,0,0,0,0,2023,2023-01,0,0.41826601475614844,Medium
36,Non-Travel,1351,Research & Development,9,4,Life Sciences,1949,1,Male,66,4,1,Laboratory Technician,2,Married,2810,9238,1,No,22,4,2,0,5,3,3,5,4,0,2,0,2019,2019-01,0,0.1715141679133952,Low
35,Non-Travel,1225,Research & Development,2,4,Life Sciences,771,4,Female,61,3,2,Healthcare Representative,1,Divorced,5093,4761,2,No,11,3,1,1,16,2,4,1,0,0,0,0,2023,2023-01,0,0.14945876439095176,Low
22,Travel_Frequently,1256,Research & Development,3,4,Life Sciences,1203,3,Male,48,2,1,Research Scientist,4,Married,2853,4223,0,Yes,11,3,2,1,1,5,3,0,0,0,0,1,2024,2024-01,0,0.3452611842921853,Medium
37,Travel_Rarely,799,Research & Development,1,3,Technical Degree,623,2,Female,59,3,3,Manufacturing Director,4,Single,7491,23848,4,No,17,3,4,0,12,3,4,6,5,1,2,0,2018,2018-01,0,0.07118089595074407,Low
23,Travel_Rarely,1309,Research & Development,26,1,Life Sciences,465,3,Male,83,3,1,Research Scientist,4,Divorced,2904,16092,1,No,12,3,3,2,4,2,2,4,2,0,2,0,2020,2020-01,0,0.10403532110315324,Low
21,Travel_Rarely,1343,Sales,22,1,Technical Degree,669,3,Male,49,3,1,Sales Representative,3,Single,3447,24444,1,No,11,3,3,0,3,2,3,3,2,1,2,0,2021,2021-01,0,0.3000095423744808,Medium
56,Travel_Frequently,1240,Research & Development,9,3,Medical,1071,1,Female,63,3,1,Research Scientist,3,Married,2942,12154,2,No,19,3,2,1,18,4,3,5,4,0,3,0,2019,2019-01,0,0.09388964748716122,Low
51,Travel_Frequently,541,Sales,2,3,Marketing,1391,2,Male,52,3,3,Sales Executive,2,Married,10596,15395,2,No,11,3,2,0,14,5,3,4,2,3,2,0,2020,2020-01,0,0.19428494992477588,Low
29,Travel_Rarely,906,Research & Development,10,3,Life Sciences,994,4,Female,92,2,1,Research Scientist,1,Single,2404,11479,6,Yes,20,4,3,0,3,5,3,0,0,0,0,1,2024,2024-01,1,0.7288091287483924,High
50,Travel_Rarely,804,Research & Development,9,3,Life Sciences,1030,1,Male,64,3,1,Laboratory Technician,4,Married,2380,20165,4,No,18,3,2,0,8,5,3,1,0,0,0,0,2023,2023-01,0,0.24174662569039318,Low
26,Travel_Rarely,703,Sales,28,2,Marketing,641,1,Male,66,3,2,Sales Executive,2,Married,6272,7428,1,No,20,4,4,2,6,5,4,5,3,1,4,0,2019,2019-01,0,0.16971069380875195,Low
39,Travel_Frequently,672,Research & Development,7,2,Medical,444,3,Male,54,2,5,Manager,4,Married,19272,21141,1,No,15,3,1,1,21,2,3,21,9,13,3,0,2003,2003-01,0,0.07814033305351625,Low
49,Travel_Rarely,722,Research & Development,25,4,Life Sciences,1617,3,Female,84,3,1,Laboratory Technician,1,Married,3211,22102,1,No,14,3,4,1,10,3,2,9,6,1,4,0,2015,2015-01,0,0.12415622016956959,Low
29,Travel_Rarely,718,Research & Development,8,1,Medical,1150,2,Male,79,2,2,Manufacturing Director,4,Married,5056,17689,1,Yes,15,3,3,1,10,2,2,10,7,1,2,0,2014,2014-01,0,0.0959181739733448,Low
32,Travel_Rarely,529,Research & Development,2,3,Technical Degree,2038,4,Male,78,3,1,Research Scientist,1,Single,2439,11288,1,No,14,3,4,0,4,4,3,4,2,1,2,0,2020,2020-01,0,0.11352752064699417,Low
30,Travel_Rarely,1092,Research & Development,10,3,Medical,1816,1,Female,64,3,3,Manufacturing Director,3,Single,9667,2739,9,No,14,3,2,0,9,3,3,7,7,0,2,0,2017,2017-01,0,0.20965207246097006,Low
27,Travel_Rarely,1240,Research & Development,2,4,Life Sciences,54,4,Female,33,3,1,Laboratory Technician,1,Divorced,2341,19715,1,No,13,3,4,1,1,6,3,1,0,0,0,0,2023,2023-01,0,0.4279524899874878,Medium
34,Travel_Rarely,937,Sales,1,3,Marketing,1950,1,Male,32,3,3,Sales Executive,4,Single,9888,6770,1,No,21,4,1,0,14,3,2,14,8,2,1,0,2010,2010-01,0,0.18670456690625362,Low
43,Travel_Rarely,920,Research & Development,3,3,Life Sciences,1255,3,Male,96,1,5,Research Director,4,Married,19740,18625,3,No,14,3,2,1,25,2,3,8,7,0,7,0,2016,2016-01,0,0.0755159702374751,Low
33,Travel_Rarely,603,Sales,9,4,Marketing,1157,1,Female,77,3,2,Sales Executive,1,Single,8224,18385,0,Yes,17,3,1,0,6,3,3,5,2,0,3,1,2019,2019-01,0,0.3808251868484857,Medium
31,Travel_Frequently,793,Sales,20,3,Life Sciences,1135,3,Male,67,4,1,Sales Representative,4,Married,2791,21981,0,No,12,3,1,1,3,4,3,2,2,2,2,0,2022,2022-01,0,0.19831884404090577,Low
43,Travel_Rarely,244,Human Resources,2,3,Life Sciences,1778,2,Male,97,3,1,Human Resources,4,Single,3539,5033,0,No,13,3,2,0,10,5,3,9,7,1,8,0,2015,2015-01,0,0.07411623494884231,Low
44,Travel_Rarely,170,Research & Development,1,4,Life Sciences,1903,2,Male,78,4,2,Healthcare Representative,1,Married,5033,9364,2,No,15,3,4,1,10,5,3,2,0,2,2,0,2022,2022-01,0,0.09213321075872657,Low
36,Travel_Rarely,1456,Sales,13,5,Marketing,1733,2,Male,96,2,2,Sales Executive,1,Divorced,6134,8658,5,Yes,13,3,2,3,16,3,3,2,2,2,2,1,2022,2022-01,0,0.20170310936934988,Low
56,Travel_Rarely,1255,Research & Development,1,2,Life Sciences,1441,1,Female,90,3,1,Research Scientist,1,Married,2066,10494,2,No,22,4,4,1,5,3,4,3,2,1,0,0,2021,2021-01,0,0.1861148174149435,Low
37,Travel_Rarely,1372,Research & Development,1,3,Life Sciences,391,4,Female,42,3,1,Research Scientist,4,Single,2115,15881,1,No,12,3,2,0,17,3,3,17,12,5,7,0,2007,2007-01,0,0.11686281298061293,Low
